user_id,username,gender,birth_date,location
user1,karthiga,Female,4/29/90,Chennai
user2,RedvelvetDaisuki,Female,1/1/95,Manila
user3,Damonashu,Male,8/1/91,Detroit
user4,bskai,Male,12/14/90,Nayarit
user5,terune_uzumaki,Female,8/24/98,Malaysia
user6,Bas_G,Male,10/24/99,Nijmegen
user7,HimeAria,Female,9/26/96,Poland
user8,Skallington,Male,3/15/91,Norberg Sweden
user9,Slimak,Male,2/21/88,Poland
user10,Elysiun,Male,11/16/84,Nebraska
user11,jimothy000,Male,4/25/95,England
user12,MistButterfly,Female,1/16/92,Hungary
user13,ProperBritish,Male,2/20/92,United Kingdom
user14,kioniel,Male,1/16/88,home
user15,Xinil,Male,3/4/85,California
user16,helenply,Female,8/30/99,Mexico
user17,hood_rad,Male,10/31/97,Hamilton Ontario
user18,detestedlove311,Female,9/14/89,Chicago
user19,ihasabucket,Male,9/8/84,San Jose
user20,xTheFallenx,Male,5/29/93,somewhere really hot
user21,L-LawlietDN,Male,5/29/95,Guess
user22,zZKinhoZz,Male,4/4/00,Camaragibe
user23,glittermilk,Female,4/13/94,Austria
user24,fluffylonewolf,Female,1/1/89,Canada
user25,Lithuelle,Female,10/19/85,Rhineland-Palatinate
user26,scootarski,Male,10/12/84,Philadelphia PA
user27,Yukia-Kontan,Male,12/19/90,Carbonear
user28,Akihara,Female,8/11/94,Romania
user29,Tomoki-sama,Male,6/1/96,SC
user30,Sakurei,Female,2/10/03,Vienna
user31,raickos,Male,8/17/89,Parana
user32,Spike,Female,4/16/94,Salisbury NC
user33,Perfection_Freak,Female,1/20/92,Kemerovo
user34,AAA,Male,5/16/91,Starlight Breaker
user35,K_P,Male,2/6/98,India
user36,LyannaStark,Female,9/25/89,Sofia
user37,xXsim00Xx,Male,2/1/98,New South Wales
user38,Kyousuke,Male,1/13/01,Buenos Aires
user39,magedgamed,Male,2/12/97,Cairo
user40,edwardf,Male,2/7/93,Pelotas
user41,diordiah,Female,9/2/85,Chester
user42,ShinyShinigami,Male,10/5/00,Justinside a Reality Marble
user43,KawaiiChiyo,Female,7/4/99,Philippines
user44,SenpajBiju,Male,7/16/00,United Kingdom
user45,anime_fan_800,Male,1/1/85,Kansas
user46,WhatsUpWitches,Male,5/1/96,Atlanta
user47,Wizzaroo,Male,1/2/96,Portugal
user48,pim,Female,10/8/30,what do you want
user49,Seishuku,Male,4/12/88,Malbork
user50,SynysterKobra,Male,4/20/93,California
user51,Roxs,Female,11/1/95,Caracas
user52,PrinceRen,Male,1/1/92,the Netherlands
user53,nitewing34,Male,12/20/73,Honolulu
user54,ChicoDj_,Male,9/3/06,Americana
user55,brunomp,Male,9/29/96,Pernambuco
user56,Mukkashi,Male,7/17/96,Saudi Arabia
user57,Rukawa,Male,6/8/19,Marseille
user58,leSange,Male,3/2/90,Ukraine
user59,Kaolla,Male,9/11/94,Sherwood
user60,HellBoy,Male,10/24/88,around the world
user61,Saito23,Male,12/26/88,India
user62,Bombersuar1,Male,10/23/99,Szombathely
user63,Best-of-Anime,Male,12/23/98,London
user64,Oce,Male,1/8/96,Malang
user65,jukugo,Male,3/23/88,Tallahassee
user66,AgehaChan,Female,1/1/88,London
user67,-Kenjiro,Male,5/25/01,Brasil
user68,Froschfan,Female,1/19/89,C-Town
user69,Starwin,Male,5/8/89,Odessa
user70,Tsundora,Male,11/16/90,Moscow
user71,FlashFrozen,Male,1/1/94,USA
user72,Tujumase,Male,8/26/88,Dallas
user73,CrossbowJoe,Male,7/19/99,Ottawa
user74,Straightedge,Male,2/9/92,D-Ville
user75,The_Lordian,Male,2/7/94,Brazil
user76,Kristanno,Male,2/4/98,Bien Hoa city
user77,Ansaga,Male,5/18/87,Berkeley
user78,feliciahardy,Female,8/28/88,Georgia
user79,AlexTheRiot,Male,1/13/92,Adelaide
user80,VoliMedjed,Male,7/17/97,Podgorica
user81,kennethmusicman,Male,7/14/95,Imus
user82,namiSWN,Male,6/9/88,Israel
user83,haeworlddd,Female,3/6/93,narnia
user84,Jiraiyan,Male,2/18/87,New York
user85,IoriYagami,Male,6/20/86,Mel Bourguiba
user86,Sirdante,Male,4/4/87,Bilbao
user87,p0nch0,Male,9/30/88,Poland
user88,lolbridget,Female,7/6/99,Vilnius
user89,myungyare,Female,10/8/94,SP
user90,Tofs,Female,6/10/93,Stockholm
user91,kendolli,Non-Binary,11/11/90,Wonderland
user92,lollypebbles,Female,12/21/94,Arizona
user93,Artistichooves,Female,1/31/93,Belgium
user94,redragon777,Male,9/21/84,Tucson
user95,climhazzard03,Male,12/9/89,Malaysia 
user96,bakawingx,Male,1/10/83,toronto
user97,werlwend,Male,11/3/95,Aurora
user98,nighthawk741,Male,7/26/94,California
user99,watchfuleye,Male,6/23/96,Oklahoma
user100,Tamah,Male,1/10/84,Nordic Countries
user101,Fangel,Male,9/23/88,Germany
user102,Mahashi,Male,1/1/91,Nisko
user103,Nekochokoreto,Female,1/19/96,Brazil
user104,bails649,Male,5/2/96,Manchester
user105,Remainingecho,Female,1/21/99,Sweden_
user106,zeran,Male,6/24/86,Paris
user107,hearts-spades,Female,11/11/99,Riverside
user108,Mentria,Female,8/28/87,Israel
user109,tack,Male,4/8/90,Kyoto
user110,hipernova,Male,1/21/91,Istanbul
user111,Karez,Male,11/3/89,Dunakeszi
user112,Pandaryu,Male,7/23/93,Canada
user113,Pewpers,Male,1/1/90,Boynton Beach
user114,Nihi,Male,7/29/87,Orl_ans
user115,Ryenn,Female,2/28/94,Garden Grove
user116,EnderVargas,Male,4/9/95,Oakville
user117,SAMOAK,Male,5/25/94,Washington
user118,narunetto,Male,2/18/91,SHIATTORU
user119,RotvyOckikano,Male,10/27/96,Pekanbaru
user120,Invisius,Male,4/25/94,Norway
user121,VampireBear,Male,12/8/97,Portugal
user122,Frau_Nebel,Female,12/13/89,Russia
user123,Blissfulwish,Female,7/12/85,California
user124,mmeidiana,Female,5/13/98,Jakarta
user125,Jario,Male,10/3/92,Samara
user126,deadkidspeaking,Female,8/21/96,uae
user127,jack-Beam,Male,12/11/97,Paris
user128,RjOkami,Female,6/7/89,Japan
user129,Skitungen2,Male,11/12/96,Linksping
user130,Jotapelixo,Male,6/10/97,Queensland
user131,clannad187,Male,12/27/96,Hopewell
user132,Awesomemikko,Male,3/26/83,Newport news VA
user133,sanpatsu,Female,1/1/95,San Jose
user134,Leyzou,Male,8/20/94,Paris
user135,Adryan0,Male,7/16/97,Romania
user136,StaticzAvenger,Female,8/8/97,Australia
user137,holy_moses,Male,8/21/88,Barrie
user138,FlameYeo,Male,8/26/98,Singapore
user139,Ryan_,Male,1/7/93,Brazil
user140,kamciak,Male,5/14/91,Brzesko
user141,mugeez,Male,9/22/92,Lahore
user142,kurokial,Male,1/16/88,Posen
user143,Niichi01,Female,9/1/97,Camuy
user144,Maza,Male,2/10/91,Kitee
user145,sakura567,Female,8/12/90,Amarillo
user146,EvilGauche,Male,6/20/94,Malaysia
user147,abdul18,Male,11/18/93,Islamabad
user148,mewtwo21,Male,11/5/96,Chicago
user149,masquerade04,Female,11/3/94,Queens
user150,SteffySama,Female,4/5/92,Fort Bragg
user151,MonkeyDLuffyGir,Female,8/18/95,Georgia
user152,ellowel,Male,4/6/84,bremerton 
user153,Kazalam,Male,1/1/90,Hungary
user154,OkazukiIchigo,Male,1/4/91,Britannia Empire
user155,lila94,Female,6/18/94,Burgas
user156,Xephia,Female,6/6/91,New Zealand
user157,mini_jello,Female,11/6/90,San Jose
user158,alejolas,Male,1/20/87,Seattle WA
user159,Aria-da-Capo,Male,2/28/89,Italy
user160,Northen_Lights,Female,10/23/90,Russia
user161,Miau,Male,3/4/90,Vienna Austria
user162,Stowaway,Female,9/5/97,New Zealand
user163,Kishon,Male,12/13/90,New Zealand
user164,BabYrHii,Female,11/3/95,newport 
user165,Thedrek,Male,11/21/87,Skien
user166,PvMVirus,Male,1/1/96,Canada
user167,shadowrost,Male,7/23/92,the last level
user168,Cleaye,Male,8/10/98,The Netherlands
user169,Derdodo,Male,1/28/91,Dresden
user170,ace-in-the-hole,Male,2/21/94,new zealand
user171,Shirt,Male,7/16/14,New York ftw
user172,Dr_Pepper,Male,11/27/88,Anaheim
user173,fpsvash,Male,1/1/89,USA
user174,DireKnight,Male,3/25/00,Lithuania
user175,Mcrayne,Male,1/24/85,Bezdan
user176,Crale86,Male,8/1/86,Southampton
user177,SocialAwkward,Female,1/24/00,Somewhere over the Rainbow
user178,alysael,Female,8/18/95,Sydney
user179,Espe,Female,6/8/92,Spain
user180,Aonike,Male,5/26/92,Uppsala
user181,ButterflyBoi,Male,12/4/88,Glasgow
user182,strei,Male,5/5/92,Budapest
user183,Dinamet7,Female,3/1/32,So. California
user184,fossilboy904,Male,11/3/91,Illinois
user185,Serf12,Male,5/12/98,Spain
user186,Alylyc,Female,11/28/99,Bor_s
user187,ImDigital,Male,9/1/95,Bedfordshire
user188,-vania-,Female,4/28/95,Pakistan
user189,RumpPlug,Female,10/18/99,Valenzuela
user190,Maebara_Keiichi,Male,5/22/98,Russia
user191,Elyasis,Male,7/4/98,Venice
user192,Elysiumx,Male,1/1/91,Germany
user193,ViewtifulFella,Male,3/10/96,Ohio
user194,AnimeFan71194,Female,7/11/94,Cornwall
user195,snake_123,Male,12/7/87,Dublin
user196,guilherme14kj,Male,4/15/97,Brasil - Tocantins
user197,tykmerc,Male,7/13/94,Overland Park
user198,Tsukizero,Male,6/28/93,Beatrice
user199,otakumuch,Female,11/11/94,California
user200,jabcook,Male,10/16/87,Poland
user201,Michie,Female,4/8/94,Finland
user202,Caliburnus,Male,7/8/89,Jacksonville
user203,asukai_kun,Female,7/11/95,Moscow
user204,DaytymeLantern,Male,5/24/93,Delaware
user205,Imberqqi,Male,8/7/93,Finland
user206,amcsi,Male,11/7/87,Budapest
user207,willmcgowan85,Male,3/9/85,Columbus
user208,Warida,Female,7/2/94,Vilnius
user209,jockerint,Male,7/4/89,Brasil
user210,lmismyl,Male,11/13/89,Talsi
user211,speedevil,Male,7/6/89,Debrecen
user212,Kinsley,Female,2/10/87,North Carolina
user213,overlord_666,Male,2/16/83,Johor
user214,isamff,Female,9/21/99,Porto
user215,Noyx444,Female,3/10/96,Isreal
user216,PacificPikachu,Female,3/14/88,Penn Valley
user217,Acidblood,Male,10/31/88,belguim
user218,Natsu_same,Female,4/20/87,Zagreb
user219,trinicanh,Male,12/29/93,Guatemala
user220,ehhhhhhh,Male,12/14/98,Honolulu
user221,kyunxd,Male,4/5/96,San Antonio
user222,lenofrex,Female,1/30/95,Timisoara
user223,Arl-,Male,8/25/90,York
user224,Areq,Male,12/26/89,Poland
user225,Syrums,Male,4/1/85,Rohnert park
user226,the8deadlysin,Male,7/23/94,BiH
user227,SgCloud,Male,1/4/90,Berlin
user228,DestradoTehRei,Male,12/22/93,Australia
user229,clannad3,Male,6/21/93,Dublin
user230,ninjadante,Male,3/23/87,home
user231,Blackdragonwar,Female,7/19/99,Netherlands
user232,Marifrit,Male,6/13/97,East Northport New york
user233,Brightless,Male,5/25/91,Brazil
user234,darkpetr,Male,9/9/89,Dallas
user235,Egg_Striker,Male,12/6/98,Nordrein Westpfalen Germany
user236,sitioalto,Female,1/1/81,Austria
user237,loli-san,Female,11/30/95,Norway
user238,byi42,Male,4/22/91,MD
user239,harhar-chan,Female,11/15/94,Georgia
user240,Athelfirth,Male,8/22/94,Transylvania
user241,Itena,Female,10/14/92,British Columbia
user242,Bloo-Chan,Female,1/29/93,Istanbul
user243,cekeki,Male,9/11/96,Joinville
user244,WanderingUlysses,Male,9/18/79,West-Germany
user245,Asu-chan,Female,9/6/87,Hungary
user246,ecoute,Male,2/21/92,Poland
user247,AX3M,Male,9/6/97,Germany
user248,Kaito_W,Female,9/19/94,Moscow
user249,Jiruga0005,Male,6/16/90,Kentucky
user250,SP1FF,Male,5/12/95,Portugal
user251,hibino,Female,5/27/94,malaysia
user252,LadyMal,Female,3/27/63,Calgary
user253,Jony,Male,3/1/94,Poland
user254,ChuuiHawkeye,Female,2/17/96,Scarlet Moon Empire
user255,AJIKA,Male,7/3/96,Georgia
user256,Mellorox9,Female,7/16/92,Orlando
user257,k8m0nst3r,Female,5/27/91,Cape Cod 
user258,Nodzomi,Female,9/24/87,Ukraine
user259,rzaevorhan,Male,3/29/93,Russia
user260,MrFrazzelDazzel,Male,5/18/96,virginia water
user261,Infernal,Male,3/28/87,Singapore
user262,RuizuTheDeath,Male,8/28/96,Fortaleza
user263,dokidoki_xo,Female,8/7/91,Germany
user264,Verienkeli,Female,2/12/81,Colorado
user265,Eshja,Female,12/17/95,Szczecin
user266,Y2J,Male,8/12/98,Brazil
user267,maru08,Female,12/8/93,Philippines
user268,Roll-chan,Female,3/13/89,Ylitornio
user269,jjwood2000jw,Male,12/27/00,Shifnal
user270,rushiferu,Female,7/22/87,Venice
user271,Akasaka24,Male,7/20/98,Kunugigaoka chugakko
user272,MajinRin,Female,11/20/89,Lucerne
user273,Yzui,Male,10/12/96,Tarbes
user274,Lxex1331,Female,3/10/93,New York
user275,netter_mizuno,Male,11/16/90,Loimaa Finland
user276,Cloudy,Male,9/9/89,Athens
user277,teodorak,Male,4/1/89,Germany
user278,fuuuu,Male,10/4/96,Auckland 
user279,Vasco,Male,2/19/90,Ericeira Portugal
user280,dp247,Male,11/15/94,Leeds
user281,Denkoha,Female,3/24/92,Somewhere around Asia
user282,Deathmones,Male,1/28/99,England
user283,Mystify,Male,5/3/93,Stavanger
user284,HesitatedDesire,Female,6/10/03,Ireland
user285,rogocal,Male,9/16/89,Bariloche
user286,tamer91,Male,12/26/91,Japan
user287,PKLoki,Male,9/23/94,Brasil - MA
user288,Apocist,Male,7/18/88,Concord
user289,TGSMarcus,Male,11/20/98,St Helens
user290,shelloscooll,Female,5/10/91,Hole
user291,Cao,Male,11/4/89,Quezon City
user292,homeworld8118,Male,4/26/88,willis
user293,yanmzry,Male,9/17/88,Manila
user294,Kito-kun,Male,1/16/94,Aguadilla
user295,Mikura-san,Male,2/23/95,Santa Ana
user296,CrazyArty,Male,8/8/87,Voghera
user297,pmpy,Male,9/21/86,Wi-Fi Zone
user298,zombie_pegasus,Male,5/14/97,North of America (Canada)
user299,Itami,Female,6/18/97,Near Atlanta
user300,Gabuh-chan,Female,6/29/95,Asuncion
user301,Shizuku,Female,8/9/91,Gda_sk
user302,mckei,Male,3/12/84,Mexico City
user303,Irikon7,Female,2/18/92,Tirana
user304,Lesach,Male,12/27/83,Michigan
user305,AkaMaster,Male,8/11/92,Ontario
user306,SteelLife,Male,4/22/92,Warsaw
user307,LeoRuelas,Male,4/11/94,Reno
user308,techno_newt,Male,12/19/85,Medford
user309,renmibo,Female,2/22/88,Cebu City
user310,Shueisha,Male,10/20/93,France
user311,Kog_Maw,Male,10/12/89,Santiago
user312,Sebeastian,Female,8/11/98,Poland
user313,MoonStory,Female,8/23/94,pixieland
user314,Tanzirul24,Male,4/17/90,Dhaka
user315,Aidid,Male,5/31/94,North Carolina
user316,neuromasser,Male,6/15/89,Belgrade
user317,njspy,Male,2/5/87,MTY Mexico
user318,SaraPriscila,Female,9/5/93,Lisbon
user319,cyberpunk,Female,1/13/89,Israel
user320,Saki-Rebellion,Male,4/17/92,Canada
user321,blackbluesock,Female,1/8/92,My Woman Cave
user322,makaijo,Male,3/28/92,italy
user323,kurosakikun88,Male,6/16/88,Hesperia
user324,MiyaJadecube,Female,3/23/85,Concord
user325,cristianmm97,Male,6/30/97,Badajoz
user326,Ghostface_101,Male,2/6/94,UK
user327,Xxpixel8xX,Male,9/9/91,Midgar
user328,Sob99,Male,9/9/99,Germany
user329,rukipon79,Female,12/2/92,Tokyo
user330,ArinneRealta,Female,1/17/91,Poland
user331,PicardX,Male,2/27/83,Lawton Oklahoma
user332,melas,Female,1/12/90,South England
user333,HeckLad,Male,3/25/01,Morioh-cho
user334,Gerudowolf,Female,12/21/89,Norway
user335,Blubb96,Male,6/22/96,Kristiansand
user336,StrayDog,Male,8/6/90,AUSTRALIA
user337,whereswally007,Male,1/1/90,Australia
user338,ElKaiser,Male,1/1/99,Spain
user339,ChaoticPsycho,Female,12/14/98,Romania
user340,MoeMoeKyun,Male,8/28/93,Fayetteville
user341,Shiori897,Female,4/18/97,Polska
user342,LunarSonata,Female,5/15/89,Germany
user343,kaczmar0203,Male,3/2/87,Kepno
user344,Zodezu,Male,2/3/98,Ohio
user345,suna19,Male,7/20/90,Ft. Collins
user346,Iuly_chan18,Female,2/15/93,Romania
user347,Sprite_Coke,Male,2/1/91,Indiana
user348,takashi-chan,Female,8/2/91,Valenzuela
user349,aherosend,Male,5/30/93,Knoxville
user350,Duke_On_Tree,Male,8/19/97,rabat
user351,Kog,Male,12/24/90,Maryland
user352,mmkamada,Male,2/24/88,Curitiba
user353,BakeruLycoris,Female,11/6/90,San Antonio
user354,Lihn,Male,10/28/92,Canada
user355,Sakuyaa,Female,9/5/95,Rio de Janeiro
user356,GuiltyAng3l,Female,10/3/97,Canada
user357,gomdoriii,Female,9/3/94,Zagreb
user358,blankks,Female,4/3/94,Monterrey
user359,purple_zebra,Female,5/14/88,hanGover
user360,naraneko,Male,6/24/77,Portugal
user361,Muukun,Male,6/12/87,Germany
user362,pyuarin,Female,12/17/93,Portugal
user363,Raian-kun,Male,4/29/90,Frederick
user364,FariHoshiguma,Male,7/8/98,Santiago
user365,bernardoffs4,Male,3/6/04,Santa Catarina
user366,Sharpy1,Male,5/2/91,Norway
user367,Talu,Female,2/20/93,Israel
user368,Chaosrains517,Male,12/12/90,Evansville
user369,mintbunny,Female,4/20/87,Maryland
user370,Script,Male,7/18/98,Overijssel
user371,Synizta,Male,7/29/93,Adelaide
user372,ambivalentideal,Female,7/6/91,Zakopane
user373,Jekka,Female,4/26/88,FL
user374,spookies_,Male,11/18/30,Brazil
user375,adamsky430,Male,6/6/97,Germany
user376,Meevir,Female,12/4/86,Moscow
user377,LeV-san,Male,2/6/92,Israel
user378,_mayumih,Female,11/14/94,Puerto Rico
user379,ShiroBernkastel,Male,4/7/96,Matapozuelos
user380,nelsain,Male,1/1/92,Zelenograd
user381,Meichan,Female,8/18/94,Finland
user382,caraa,Female,11/23/99,Australia
user383,bleach1,Male,4/27/93,Atlanta
user384,lovelypops,Female,8/21/94,France
user385,Atmostphear,Male,6/17/94,Minnesota
user386,x-1o8-x,Male,7/3/88,penang
user387,VOLK_TE37,Male,12/10/93,Moscow
user388,-_Yumi_-,Female,12/28/95,Bulgaria
user389,Sakaiyu,Male,3/18/95,Germany
user390,Agnasa,Female,8/20/90,Kaunas
user391,wintermute,Male,7/27/89,Ukraine
user392,Nurkie,Male,11/14/84,Missouri
user393,ryu15,Male,11/25/89,Cracow
user394,Ana_,Female,8/1/94,Bauru
user395,elliwerepanther,Female,5/6/82,Delaware
user396,Enya,Female,3/23/94,Siedlce
user397,angelicax,Female,9/28/95,Malaysia
user398,streetcutter,Male,4/8/82,Sydney
user399,Katapan,Male,8/12/90,Lyon
user400,ChronicZetsubou,Male,2/9/90,Pennsylvania
user401,yurein,Female,12/17/89,Philippines
user402,PoisonousPassion,Female,1/1/92,North Carolina
user403,VitOrALunO,Male,6/12/92,sao leo
user404,ferranet13,Male,10/7/83,La Vall D'Uxo
user405,skycaptainmarie,Female,12/5/91,Germany
user406,Spaceater,Male,8/27/88,Milano
user407,Kiene,Female,1/22/90,Ukraine
user408,BlazeDrag414,Male,4/14/94,Alhambra
user409,RaptorOnyx,Male,12/14/99,Caracas
user410,Fellinger,Male,2/15/94,Germany
user411,code-fiq,Male,8/4/92,Brunei
user412,holmesthoughts,Female,12/15/88,Germany
user413,socialfailure,Male,6/21/95,Singapore
user414,DesertRose91,Female,5/26/91,Turin
user415,digital_blitz,Female,12/24/88,New York State
user416,V30LZfX588,Male,5/12/93,Tashkent
user417,DariKingInverse,Male,5/27/97,Pawtucket
user418,InAbsentia,Male,10/7/88,Arkansas
user419,Flak,Male,12/31/10,Germany
user420,sakura112,Female,9/17/96,st. louis missouri
user421,sigurros,Female,3/22/94,Poland
user422,KPCahyadi,Male,12/24/00,Indonesia
user423,Elanos81,Male,1/17/99,Saint- Petersburg
user424,VeeGhost,Male,9/8/95,Indonesia
user425,AnimeKami,Male,1/1/91,Germany
user426,OliMongeon,Male,3/15/92,Val des monts
user427,DennaKingKiller,Female,9/28/98,Portugal
user428,ZinChen,Male,12/16/88,Rostov-on-Don
user429,mrgreenking23,Male,2/13/90,California
user430,M3Rush,Male,7/28/93,Toronto
user431,singing_siren,Male,3/26/93,Australia
user432,xundra,Female,10/29/90,Bermuda Triangle
user433,Tybss,Female,11/17/95,UK
user434,garrettrberger,Male,8/14/98,medford
user435,Saint-12_com,Male,12/15/00,Western cape
user436,Hasechii,Male,3/18/96,In a galaxy of glistening stars.
user437,mnash,Male,2/19/92,Germany
user438,eccomi,Male,1/1/94,Italy
user439,Muird,Male,3/18/90,Poland
user440,Yuukii_Cross,Female,9/3/97,Timisoara
user441,Ongoingwhy,Male,6/5/92,Singapore
user442,rafaelro,Male,4/12/95,Paracatu
user443,Konstantin,Male,12/2/77,Seattle
user444,PiRhoManiac,Male,4/3/86,North Carolina
user445,Valex,Male,5/26/88,Narovchat
user446,Hisagi-Chan,Male,11/30/89,Germany
user447,biancapera,Female,9/29/89,Pelotas
user448,MisakiJunjou,Male,3/8/95,Marathon
user449,phokxinhuh,Male,8/6/90,Lisboa
user450,Cursedflame,Male,12/28/85,Sweden/Gothenburg
user451,reydb,Male,1/15/94,Paris
user452,SoupLike,Female,11/21/93,Lithuania
user453,hatsuseno,Male,10/10/87,Amsterdam
user454,sakimori,Male,5/5/91,London
user455,Leuo,Male,8/7/88,Germany
user456,Da_Harem_King,Male,4/2/00,Harem King Academy
user457,Boogiepop1989,Male,6/22/89,Brazil
user458,athoszxc,Male,8/22/92,Londrina - Brazil
user459,Lilgnomy,Male,9/14/95,Jurmala
user460,gaarasgirl21,Female,2/25/90,Junortoun
user461,Drestou,Male,10/19/92,Pozna_
user462,tru23,Male,5/7/92,Budapest
user463,MurderouS666,Male,9/27/93,Odintsovo
user464,rimedragona,Female,5/20/82,Wisconsin
user465,SuperUBE,Male,9/19/92,Southern California
user466,thomassimpsons,Male,8/16/00,India
user467,Sotomi,Female,3/13/98,London
user468,squee01,Male,9/3/87,Winnipeg
user469,Navera,Female,9/19/95,Poland
user470,RikkidoSeph,Male,12/2/87,UK
user471,Bonestin,Male,12/7/90,Chicago
user472,jupiterjazz,Male,1/29/87,Richmond
user473,mudkipboy13,Male,8/4/94,beverley
user474,grklein,Male,10/16/74,Brazil
user475,KoteDiM,Female,1/18/91,Aalborg
user476,orangehouse,Male,8/30/92,Singapore
user477,napolean86,Male,7/19/86,Winter Haven
user478,TheGuni,Male,6/28/90,New York
user479,Afterthebattle,Female,7/4/92,Denmark
user480,TerryTheLoneWolf,Male,9/24/85,Le_a Do Balio
user481,fabinhopk,Male,8/18/89,Rio de Janeiro
user482,meadow,Female,6/21/94,Warszawa
user483,Pazuza,Male,1/1/89,_Far Refuge
user484,Patcheel,Male,5/1/94,NYC
user485,fleur,Female,8/28/91,Moscow
user486,ShiroganeDx,Male,5/22/89,Poland
user487,Danny_000,Male,8/7/91,Rainy Los Angeles
user488,Moeker,Male,1/1/90,Germany
user489,AurumGG,Male,6/5/96,Tampa
user490,F4bio,Male,7/14/95,Bergamo
user491,Skullcrusher,Male,3/8/83,Italy
user492,TheDarkSky,Female,1/3/94,Germany
user493,Himeka123chan,Female,9/7/99,Brazil
user494,kariya-kun,Female,1/1/96,Bristol
user495,kookieninja,Female,6/21/93,Corpus Christi
user496,tazdevil,Male,7/4/88,IJzendoorn
user497,ScreamEli,Male,2/26/95,North Carolina
user498,xLuViSpReCiOuSx,Female,5/11/93,Germany
user499,Micchi91,Female,10/23/91,Pisa
user500,mjo714,Male,7/14/94,Indianapolis
user501,YinLamperouge,Female,9/7/97,Hungary
user502,dark_vampire,Female,7/16/94,Oregon
user503,voxinraleigh,Male,8/7/76,Toronto
user504,alruqeishy,Male,1/1/87,Oman - Muscat
user505,zombiemage,Male,11/21/89,Columbus
user506,Ahmad317,Male,3/3/94,Raftel
user507,Aprycot,Male,2/21/89,Kyoto
user508,Volved,Male,11/3/96,Zeist
user509,Melanon,Male,10/28/94,Ontario
user510,alex273,Male,3/27/86,bologna
user511,Ashaman,Male,6/29/81,Somewhere in sweden.
user512,Kastel,Female,7/28/93,Perhaps Hinamizawa....
user513,LuisaCornetet,Female,12/26/91,Rio Grande
user514,MasterTengkorak,Male,4/10/96,Southwest USA
user515,guenawock,Male,6/23/76,Marseille
user516,momohyo,Male,1/28/99,Jawa Barat
user517,superdarkmario,Male,10/24/94,Rotterdam
user518,Theodoreus90,Male,2/27/90,Helsinki
user519,ferfalc,Male,6/14/00,Hungary
user520,ItsukiCub,Male,8/10/93,Santa Catarina
user521,lunafrost,Female,12/23/88,Iowa.
user522,KaueGodoy,Male,8/26/98,Brasil/SP
user523,perlindval,Male,10/25/91,Uppsala
user524,Nafets,Male,8/12/91,Nord Pas-de-Calais
user525,kagome_vero,Female,9/25/92,Chicago
user526,Razziel,Male,4/9/89,Ko_obrzeg
user527,KyonKun_,Male,4/1/85,Santiago of Chile
user528,anime-jesus,Male,8/17/88,lost in anime
user529,mkdj21,Male,3/24/97,Hungary
user530,netgear,Male,8/13/84,Hilden
user531,elberino,Male,4/27/93,Hungary
user532,OptimisticMan,Male,8/14/97,Hungary
user533,Xcite,Male,11/13/88,Israel
user534,mortisia,Female,5/2/79,athens
user535,Ketsukos,Non-Binary,4/8/00,Hungary
user536,killer5264,Male,11/18/95,Seattle
user537,Angelah,Female,10/5/92,near Verbania
user538,YEAHAAAA,Male,7/19/30,The Pie Palace
user539,em_gee_91,Female,11/7/91,Nottingham
user540,Flerkisa,Female,1/2/91,Ukraine
user541,arania,Female,4/3/94,Zambr—w
user542,RyuuNokaru,Male,4/28/96,Asturias
user543,taaksuu,Female,10/4/93,Outokumpu
user544,ashionfate,Male,7/30/90,somewhere in your bedroom
user545,Kalaman,Male,4/25/87,M‡laga
user546,Hikikomori2001,Male,1/1/82,under some bricks
user547,SmalltinyOrange,Female,7/27/92,Singapore
user548,Dyl-Money,Male,8/14/98,Kent
user549,Eggman9000,Male,4/23/96,California
user550,Rhythm-Wily,Female,9/6/83,Skull Fortress
user551,lynnx3,Female,6/17/93,Singapore
user552,ShoujoSweets,Female,12/14/94,San Fernando City
user553,Toleedo,Male,4/10/84,WI
user554,FallenArcana,Female,8/28/91,Belfast
user555,Kashiwagi,Female,10/28/88,Moscow
user556,Chiyeung,Male,1/15/92,New York City
user557,IDex,Male,1/19/94,Finland
user558,Gold023,Male,10/23/99,Alicante
user559,Herutsu,Female,3/25/91,Minnesota
user560,Otaku_Josh,Male,5/7/92,HELL
user561,Italybabegirl,Female,6/12/97,Milan
user562,Inkcrow,Male,8/1/90,Manchester
user563,DaliTR,Female,1/1/30,You don't want to know
user564,JumaX9,Male,1/1/91,Kokiri Forest
user565,yamahl,Male,6/22/97,amsterdam
user566,MadisonMae23,Female,6/5/98,Johnstown
user567,Rose_Hip_M14,Female,4/14/94,chicago
user568,SakuraKitsune,Female,9/28/89,nowhere
user569,AuthenticZac,Male,2/18/88,Charlotte
user570,Angeluso,Male,5/5/92,Belgium
user571,andrewb1996,Male,1/24/96,Scotland
user572,MikuraKazuma,Male,4/2/95,Brisbane
user573,crazybela,Female,10/5/89,Brazil
user574,Somie,Female,9/15/92,Ohio
user575,juliets-romeo,Male,12/29/93,Hungary
user576,PinkOuji,Female,12/23/98,Pekopon
user577,sandwich2,Male,11/8/92,uknown
user578,DeimonLee,Male,7/14/94,Bras’lia
user579,PrincessZero,Female,1/27/01,Guess what?
user580,aibike-chan,Female,2/7/91,Hungary
user581,Shadow_Kitten,Female,2/7/91,South Australia
user582,Mono-no-aware,Female,1/8/83,Denmark
user583,sundown911,Male,8/6/95,West Wodonga
user584,Darkangeloftokyo,Female,10/6/87,Cape Breton
user585,_NiCOLE-taylor,Female,12/29/93,Hungary
user586,XRaz0r2000,Male,11/8/95,Hungary
user587,Tommeow,Male,2/20/00,Spring
user588,punkss,Male,12/16/83,San Salvador
user589,alcapowned8592,Male,8/5/92,California
user590,kimsohyunismygf,Male,6/14/97,Haarlem
user591,SheillaYing,Female,2/12/94,Texas
user592,Neyr,Female,12/14/90,Untraceable
user593,Moneeq,Female,10/23/92,Lithuania
user594,imperius,Male,7/12/87,Pittsburgh
user595,djinn_690,Male,5/21/89,Ottawa
user596,dollarand15cents,Female,12/3/89,moses lake
user597,kajunbowser,Male,3/26/88,Laurel
user598,Kamina-Q8,Male,6/4/89,Hungary
user599,KakiArisu,Female,4/7/98,Cracow
user600,edeawitch,Female,7/7/84,Indianapolis
user601,HyogaGordo,Male,1/6/97,Sergipe
user602,Nightwister,Female,10/21/90,Lituania- Kaipeda
user603,Kappaka,Female,8/28/92,Japan
user604,s0m31john,Male,5/8/91,Kissimmee
user605,manny22,Male,5/28/83,Birmingham
user606,Anguro,Male,8/22/95,Derby
user607,AnyElric,Female,8/30/96,Hungary
user608,Shyllios,Male,11/19/92,Hungary
user609,Lioka,Male,5/31/96,Nantes
user610,eilis,Female,10/13/92,Bielsko-Biala
user611,izzabrea,Female,3/1/93,Vernal
user612,Siliane89,Male,8/25/89,Liverpool
user613,Kuroi-sama,Male,10/10/95,Moscow
user614,starclaws,Male,12/31/85,United States
user615,ShadoOw,Male,3/14/93,Germany
user616,soccerscot15,Male,5/14/92,Aqua
user617,SlyFox92,Male,2/23/92,York
user618,sailormoonrocks,Female,7/13/93,Hungary
user619,cabbit-chan,Female,3/29/89,United Kingdom
user620,BRC,Female,12/5/90,Gensokyo
user621,Myraedia,Female,6/14/97,France
user622,r_i_k_o,Female,12/19/88,Poland
user623,CeJIDb,Male,7/30/95,St. Petersburg
user624,Jumii,Female,5/14/89,Moscow
user625,AndrewFuchi,Male,12/28/93,Iasi
user626,AngelicCupCakes,Female,9/1/94,Hungary
user627,ignominy15,Male,2/20/93,Baguio City
user628,RiskyBusiness,Male,1/25/92,London
user629,Mythicism,Male,11/17/90,Hungary
user630,morningblue,Male,3/29/84,Philadelphia
user631,dante_90,Male,10/19/92,Eternal
user632,NearL,Male,10/26/93,sweden
user633,Griff993,Male,6/14/93,Archangelsk
user634,HARuHi_89,Female,8/30/89,Hungary
user635,Danila,Female,7/4/91,Budapest
user636,ShoCku,Male,4/25/94,Soul Society
user637,Mitheel,Male,6/24/86,Bay City
user638,carlos_felo,Male,4/12/91,Puente Alto
user639,PervertedBeast,Female,9/11/01,lingerie section of Walmart
user640,Beowulf-,Male,6/7/94,Canada
user641,nefryda,Female,10/10/92,Poland
user642,Fuzen,Male,7/5/94,France
user643,EvedooPL,Male,6/19/96,Poland
user644,corruptcore,Male,4/1/92,Malaysia
user645,UltmShinobi,Male,1/19/96,Pessac
user646,Li_Edo,Male,6/10/92,Stavropol
user647,Eiennoousama,Male,12/23/86,Canada
user648,mikasaaa,Female,4/13/95,montevideo
user649,Noontide,Male,5/23/90,Scotland
user650,Chumiki,Female,8/5/94,SC
user651,HitachiinsToy,Female,11/9/95,Montr_al
user652,Dragolance,Male,1/5/90,uruguay del paraguay
user653,Bluewhale99,Male,10/9/95,Bergen 
user654,5za,Female,10/13/90,khobar
user655,MadVlad,Male,11/9/93,Russian Federation
user656,Revenant_Wings,Female,12/7/92,Michigan
user657,RwadaMan,Male,7/12/97,Junto a Kaido
user658,january07_josh,Female,1/7/90,philippines
user659,xXseinXx,Male,8/2/95,mexico
user660,SuzukiMichiyo,Female,7/30/94,Seattle
user661,ChaosXen,Female,8/4/91,Penang
user662,MrFreakMen,Male,4/22/88,Netherlands
user663,Zomgdood,Male,4/11/92,Canada
user664,Bakaotakugirl,Female,12/28/96,Canada
user665,LuanZ,Male,4/30/92,Joinville
user666,UnltdBldWrx,Male,10/7/85,texas
user667,zero124,Male,11/16/91,Christhurch
user668,Akajiko,Male,2/23/00,Canada
user669,AllenWalker5,Female,8/9/90,Marinette Wisconsin
user670,ripperhf,Male,11/21/97,Lebanon
user671,mctoonces,Female,4/4/80,Augusta
user672,arya194,Female,2/15/94,Canada
user673,Anime_addicted,Female,1/26/88,Doha
user674,Teckniu,Male,7/4/83,Belo Horizonte
user675,Kurumster,Male,1/1/88,Louisiana
user676,Annise,Female,6/24/88,Greece
user677,Fumie-san,Female,8/24/90,Copiapo
user678,DeadEnd,Male,11/15/82,Far Far away
user679,Shavari,Male,10/1/94,Vienna
user680,aomon,Male,9/29/96,Canada
user681,Pixywing7,Male,1/1/94,Canada
user682,norby-kun,Male,3/12/95,Transylvania
user683,Zpektre,Male,1/21/93,Hinamizawa
user684,0PRESS0R,Male,6/5/01,Guarapuava
user685,Adalana,Female,10/21/79,Kumagaya
user686,Daxtremesora,Male,3/3/93,New York
user687,LilyMocca,Female,2/2/96,Depok
user688,BLACK1189,Male,5/27/93,india
user689,Whytechyck,Female,10/10/90,Mississippi
user690,Gogeta_Animeka,Male,11/11/80,Alleur
user691,PsyKo_NoKtis,Male,5/17/90,Lisbon
user692,XrZerd,Male,12/10/03,Americana
user693,pablozz,Male,7/23/00,Fortaleza-Ce
user694,Shole,Male,1/6/93,Fantashi Land
user695,Darakena,Female,9/10/93,Lexington
user696,TheBiOne,Female,7/24/97,Netherlands
user697,SajayenM,Male,1/3/98,Durban
user698,maksvg-irk,Male,7/12/86,Russia
user699,fragileone22,Female,12/22/00,Houston
user700,Pyrlaster,Male,12/26/88,Finland
user701,max15wm,Male,3/22/91,Barcelona
user702,Feyris,Female,11/6/91,In Your Pocket
user703,TheDollPrincess,Female,7/21/92,Germany
user704,MichaelPsycho,Male,9/7/01,Salvador - Bahia
user705,SenNen,Female,5/2/92,San Francisco
user706,rockisch,Male,9/25/90,Canada
user707,Limbos,Male,7/26/88,Buenos Aires
user708,Caleighxo,Female,4/7/93,Over The Rainbow
user709,lubryka,Female,1/1/83,Poland
user710,kuchiki_kun,Male,7/2/97,Minot
user711,Fenriswolf,Female,10/17/84,Bremen
user712,Birua,Male,1/7/76,Kiev
user713,Shinokaze,Male,8/11/93,Canada
user714,Genjiff,Male,9/16/90,Salvador
user715,CuhrayzeeTrigger,Male,4/10/98,Massachusetts
user716,Maegil,Male,1/1/73,On a sailboat
user717,lordscanny,Male,12/26/89,San Francisco
user718,IntroverTurtle,Male,12/15/91,Washington
user719,Comic_Sans,Female,11/9/19,Land of V_lf_rd
user720,RLU1223,Male,12/23/89,Connecticut
user721,cooksta05,Male,11/27/88,UK
user722,YuiHongo_Gi,Female,10/8/78,near at Heidelberg
user723,Half-Jack,Female,11/24/91,Netherlands
user724,planetwarrior,Male,4/15/89,Toronto
user725,powerscody,Male,6/25/94,mesa AZ
user726,Joe1991,Male,1/19/91,Tokyo
user727,Usa-chan,Female,8/29/94,Argentina
user728,skarcrow,Male,3/28/90,bardstown
user729,BigEdgarP,Male,5/30/89,Ohio
user730,clalala,Female,3/29/93,Canada
user731,catjefferson96,Female,3/12/96,Goodyear
user732,shukuhai,Male,4/16/96,Fighting in Dungeon
user733,huyyy,Male,7/31/92,australia
user734,_Yuuko,Female,7/3/88,Poland
user735,felix10381,Male,11/18/94,Canada
user736,RicardoTornado,Male,9/17/98,Brasil
user737,_Kariwka_,Female,2/15/92,Riga.Latvia.
user738,Der_ZwerG,Male,1/31/91,Russia
user739,Genesiss,Male,9/3/85,Oldenburg (Germany)
user740,lockie,Male,1/15/89,Russia
user741,shadow666wolf,Male,2/23/90,edmonton
user742,Lawlliet,Male,3/21/91,Maldives
user743,BunnyEnergizer,Female,6/15/00,Lithuania
user744,peabrane,Female,1/1/87,Canada
user745,FRVN,Male,2/26/94,Spain
user746,MVR0drigues,Male,11/10/01,Brazil
user747,Lidwyne,Female,5/15/92,France
user748,Kaeru_D-Pat,Male,10/5/93,Pozna_
user749,hiroBR,Male,8/20/01,brasil
user750,carbanjo,Male,1/1/87,galicia
user751,JoshuMakku,Male,8/9/99,Canada
user752,Jonh-Stay,Male,10/25/02,Minas Ger‡is
user753,NijiiroSakana,Female,11/27/93,Baja California
user754,JunHijiri,Male,3/20/86,Germany
user755,Utakan,Female,7/12/90,Belleville
user756,_madlax_,Male,6/2/85,Philippines
user757,hurried,Male,9/5/97,France
user758,JeT2686,Male,2/6/86,Queens
user759,Danix,Male,12/7/93,Italy
user760,AbstractZealot93,Male,9/27/93,Mum on this
user761,Tipsyrools,Male,5/20/94,Phoenix
user762,xDVxNightfire,Male,12/2/89,Colorado
user763,Say_943,Female,6/9/94,Tijuana 
user764,Yoshidayama,Male,4/5/89,Caxias do Sul
user765,Melissathekaiki,Female,12/10/91,Between time and space
user766,lycria,Female,8/24/90,Amersfoort
user767,Cacau,Female,9/2/94,Brazil
user768,HaruMashiro,Male,5/7/94,Galicia
user769,Sharpness,Male,11/15/99,Earth
user770,Keiko,Female,8/11/90,Auburn AL
user771,Gremshula,Female,2/9/85,Sudbury
user772,crazyspinz,Male,10/12/92,Canada
user773,Kinggek,Male,3/7/90,AUX
user774,ZathChaos,Male,2/1/89,England
user775,Hela,Female,7/18/30,Konin
user776,Toastyy,Male,9/7/93,Canada
user777,SageModeTice,Male,1/19/02,New York
user778,BrooklynBearJew,Female,1/1/93,Missouri
user779,RinSakura,Female,3/30/95,Kuala Lumpur
user780,TobiasAnimeMan,Male,12/3/95,Mostoles
user781,Chibi_Hige,Male,12/22/89,Raleigh
user782,Time_Alter,Male,1/1/97,New York
user783,juha19,Male,1/1/88,Tokyo
user784,MysticMimi,Female,5/10/94,Casablanca
user785,VictorX,Male,8/25/90,Hoboken
user786,Slazo,Male,2/27/91,United Kingdom
user787,stitchedouchies,Female,7/23/90,California
user788,Laine-Crys,Female,1/27/89,Brazil
user789,Oborosu,Male,1/1/91,Sydney
user790,Hooplas,Female,11/14/89,Canada
user791,kyahmagda,Female,5/2/91,Its always sunny in florida~
user792,Kayaki,Male,1/17/92,Guararema
user793,semmel,Male,8/2/87,Vienna
user794,Nick-Knight,Male,11/18/95,Canada
user795,Verdict,Male,7/14/90,Vilnius
user796,bakaseinen,Male,4/18/88,Norfolk
user797,RamnDude,Male,8/19/91,Apple Valley
user798,Kyuik,Female,10/24/91,Poland/Lodz
user799,J151carlos,Male,5/4/99,Fairview
user800,Hopesedge,Male,5/20/97,Birmingham
user801,dragonball92,Male,3/27/92,california
user802,HikkiVantas,Female,7/25/99,United States
user803,DrYandereRena,Female,2/6/93,Some where in London
user804,daniel648,Male,9/11/01,Canada
user805,supahlupah,Male,10/8/86,capital federal
user806,AHuMex,Male,3/19/83,Russia
user807,Imamul-Kabir,Male,7/7/97,Dhaka
user808,xXxKazuyaxXx,Male,8/13/88,Montr_al
user809,maaartinko,Male,5/14/99,Switzerland
user810,GoddesofEggrolls,Female,2/1/90,Washington
user811,infinityand1,Male,3/16/91,CALIFORNIA
user812,Kokihatu,Male,8/29/89,Finland
user813,catsmack,Male,11/29/91,Ford City
user814,-amu-,Female,3/10/96,The Netherlands
user815,mafuyu_0606,Female,6/6/93,Caloocan
user816,Cyber-bird,Male,8/17/92,Bulgaria
user817,asswithnolife,Non-Binary,2/9/18,AssLand
user818,Spliffy,Male,8/7/93,Michigan
user819,kartracer76,Male,2/14/93,Canada
user820,yumenights,Female,5/2/95,Rio de Janeiro
user821,trytosmile,Female,5/29/91,Queensland
user822,Reminesence,Male,8/11/91,San Clemente
user823,Krymz,Male,4/3/84,Canada
user824,TioKiyoshi,Male,9/23/95,Rio Grande do Sul
user825,nikane28,Female,8/28/90,naga city
user826,Harunagi,Female,12/20/94,Davao City
user827,hellsum,Male,1/1/84,Turin
user828,LordoftheHorizon,Male,2/13/00,Beyond the Event Horizon
user829,makaryn,Male,12/9/90,Poland
user830,Eosphoros,Male,5/1/93,Houston
user831,K04et,Male,4/17/92,Russia
user832,khaerul,Male,5/31/93,Jakarta 
user833,Toa_of_Gallifrey,Male,8/21/99,Duwang
user834,kerplunk,Male,1/1/92,United Kingdom
user835,Levisseur,Male,4/3/95,Makassar
user836,Piadith,Male,11/9/94,Enschede
user837,minami_desu,Female,1/24/94,Samara
user838,Egnawolk,Male,1/8/88,Sweden
user839,Egleh,Male,2/28/94,Sk_vde
user840,Br3mbo,Male,10/16/94,L'Hospitalet de Llobregat
user841,tsubame-chi,Female,11/23/98,United States
user842,KarenDran,Female,4/8/91,Fife
user843,slik48,Male,1/1/78,Nun-Ya
user844,DJURONIMO,Male,8/3/98,Earth
user845,Rukako,Male,2/1/95,Osnago (LC)
user846,piupau,Female,3/20/89,Finland
user847,Underfined,Male,12/7/92,ANKARA-Elvankent
user848,Elinor_Strife,Female,5/24/96,Polska
user849,Turok1107,Male,4/18/98,Colorado
user850,Tof,Male,3/15/87,Paris
user851,Missy87,Female,10/30/87,Italia
user852,predi,Male,7/12/90,Starogard Gda_ski
user853,Pinguinus,Male,7/13/90,Romania
user854,SprinkelsSparkle,Female,3/25/00,Valencia
user855,KuronekoSenpai,Male,6/14/97,Akihabara
user856,pyroguy760,Male,10/22/90,Westminster
user857,Juhusagi,Female,10/13/97,Am_rica
user858,AngelsArcanum,Male,1/20/95,Toronto
user859,wizarda,Male,11/23/91,Bulgaria
user860,Shinkaism,Male,8/2/97,Hornsby
user861,resha31773,Female,2/14/92,philippines
user862,Fubuki22,Male,9/5/02,Prahova
user863,LokiAgdistis,Non-Binary,5/28/94,Providence
user864,Once_narutard,Female,12/28/00,ribeir‹o preto
user865,shin-sama,Female,6/25/95,Philippines
user866,Rosalix,Female,3/12/99,Redondo Beach
user867,sunspot,Male,7/21/83,Vilnius
user868,Sandman86,Male,12/3/94,Dream land 
user869,Palmieri-sama,Male,11/14/80,S J Rio Preto
user870,Aniratac,Female,11/2/96,Portugal
user871,Saeryun,Female,9/1/95,Paran‡
user872,kijioto,Male,4/8/97,Rio de janeiro
user873,wickedwitch,Female,9/10/92,Turkey
user874,raulx222,Male,6/9/96,Romania
user875,kaptaincucumber,Male,11/27/98,Australia
user876,Ryosei_Hime,Non-Binary,3/13/87,Indianapolis
user877,Churkirby,Male,10/15/93,St. Albans
user878,wallchicken,Male,2/5/02,birigui
user879,Annabeiru,Female,2/8/97,Melbourne
user880,Jadefire79,Female,7/9/79,Germany
user881,Lanetti,Female,4/16/96,Poland
user882,Sayane-Yumi,Female,6/23/87,Colmar
user883,H-Ather,Female,8/4/01,Middle Earth.
user884,Farismohamed,Male,8/23/97,Maroc
user885,Freshobsessed,Male,3/21/83,London
user886,HitokiriAyu,Male,4/15/94,Toronto
user887,tro098,Male,7/29/02,Virginia Beach
user888,Yonringun,Male,1/11/88,DZ
user889,Barldon,Male,12/15/98,England
user890,Lamunes,Male,4/1/96,Japan
user891,MrDeKat,Male,6/24/87,Asturias
user892,NewFolder,Male,1/1/12,Canada
user893,gusty24,Male,6/27/96,Lisbon
user894,MeineAnimeWelt,Male,9/13/93,Germany
user895,The-Kid,Male,10/14/98,Underworld
user896,ChibiNihon,Female,7/15/93,Japan.
user897,Alpha_Norwegium,Male,11/26/91,Norway
user898,HalfMoonRising,Female,1/20/97,Texas
user899,ryuuzaki-san,Male,12/10/93,Malaysia
user900,Artemis404,Female,2/3/90,Duri
user901,hime_of_fate,Female,3/1/85,England
user902,vengeful,Female,10/24/92,neverland
user903,Bigt_avm,Male,6/17/89,Leicester
user904,Widar-kun,Male,10/27/85,Muenster
user905,Yukari-chan12,Female,5/12/93,Somewhere in the Philippines
user906,Alcov,Male,10/25/93,Australia
user907,Terin,Male,1/29/90,Chandler
user908,Yuuku,Female,4/8/93,Vilnius
user909,Sotreslast24,Male,7/24/95,Nuevo Laredo
user910,CohoJET,Male,12/18/95,Apatity
user911,zzs,Female,3/22/93,United States
user912,SiaAna,Female,3/26/84,Buenos Aires
user913,HiyoshiBR,Male,11/18/98,Pernambuco
user914,mdlkxzmcp,Male,9/19/96,Canada
user915,aine1810,Female,10/18/80,Canada
user916,DemonChris21,Male,2/27/86,Siemianowice _l_skie
user917,Shuhan,Male,4/21/93,Chicago
user918,syanez,Female,4/26/87,Thailand
user919,Felda,Male,6/27/92,In your basement!
user920,Bubito,Male,3/29/99,Canada
user921,sukidakaraaa,Male,2/3/93,Pamulang
user922,Celestz,Male,4/2/87,Ayala
user923,mg4091,Male,4/6/91,Heythuysen
user924,Melonenbrot,Female,2/20/93,Germany
user925,hikarichan20,Female,9/21/84,Chicago
user926,animefanuk1987,Male,4/4/87,Lancaster
user927,Azathoth77,Male,8/3/95,Spain
user928,cowboybebopbop,Female,4/13/98,Ireland
user929,linx_sr,Male,3/21/89,Skopje
user930,Sujoy,Male,10/28/99,Kolkata
user931,thor123422,Male,10/23/91,Wheatland
user932,Mutato,Male,4/15/87,Dorset
user933,retina,Male,5/29/93,Bucharest
user934,Reiver,Male,9/19/87,Portugal
user935,Nisemon,Male,12/13/91,Canada
user936,SweetJoJoAh,Female,1/13/94,Belgium
user937,Infernos,Male,5/10/89,Czestochowa
user938,Chrissu,Female,10/24/96,Bucharest 
user939,AkitoKazuki,Male,12/1/98,Canada
user940,lilgirlii,Female,10/9/95,netherlands
user941,ApocalypseLater,Male,12/11/95,Charlotte
user942,Nikooru,Female,4/25/95,Sofia
user943,PsyAlucard,Male,2/4/91,Canada
user944,GurrenLeader1990,Male,3/17/90,Eden
user945,SaadatMubasshir,Male,2/25/95,Dhaka
user946,burstintoflames,Male,8/11/88,Aberdeen
user947,PeregrinTook,Male,10/9/98,Stockholm
user948,popiz,Male,6/30/93,Santa Fe
user949,ALEOSO,Male,8/26/90,Argentina
user950,Ashley_Mei,Female,5/6/02,Aveiro
user951,sonn_e,Female,3/1/93,Mato Grosso do Sul
user952,DragonShiryu2,Male,1/1/95,Canada
user953,indyelmo0902,Female,9/2/89,Littleton
user954,SUki_LOve,Female,5/26/93,Clevland
user955,Kaze_no_Hime,Male,6/13/90,Bulgaria
user956,RuMz,Male,2/6/94,UK
user957,Build-Lancer,Male,8/16/96,San antonio 
user958,Ranmier,Male,4/19/92,pasig
user959,katherine456,Female,2/18/99,Melbourne
user960,RenChild,Female,10/14/86,Novosibirsk
user961,markass,Male,11/11/91,Gda_sk
user962,mixrin,Male,9/7/90,Russia
user963,elseM,Female,9/18/95,Venlo
user964,mancer,Female,5/7/92,Bratislava
user965,Noilma,Female,11/15/92,Brazil
user966,Hrybami,Male,10/1/92,Quebec
user967,Annon,Male,1/1/91,Sweden
user968,2Bfreeyumi,Female,1/9/91,Richmond
user969,knut131,Male,1/1/94,Norway
user970,EpiphanE,Male,6/13/87,Wisconsin
user971,Tonikun,Male,1/1/77,Castellon
user972,Arjman89,Male,4/10/89,Sacramento
user973,NoyChan,Female,8/29/94,Canada
user974,NoHealz4U,Male,9/4/92,Salt Lake City
user975,LordKinguio,Male,2/19/00,Canada
user976,sayi_shishioh,Male,4/21/93,Johnstown
user977,Tiazmer,Male,9/17/82,Sweden
user978,marisamaribel,Female,11/13/91,Jacksonville
user979,1ceangel,Female,3/30/93,Newcastle
user980,Mewixi,Female,3/29/96,Brisbane
user981,LoneCrow,Male,2/8/95,Malaysia
user982,Blareot,Male,9/9/94,Sevilla
user983,coronene,Non-Binary,3/1/91,Berlin
user984,YourHellaKouhai,Female,12/11/00,Canada
user985,LilyStrife,Female,4/25/02,in your nightmares (lol)
user986,Yostiq,Male,9/5/99,Inside
user987,hana_haruka,Female,6/28/93,turkey
user988,Yagami_Raito8920,Male,1/5/89,Wa_brzych
user989,Ika_BakaKu,Female,8/28/84,Under ur Bed
user990,Aikute,Female,2/20/94,Lithuania
user991,revive4563,Male,7/7/87,Tokyo
user992,Nickyz,Male,3/28/92,Brussels
user993,teababe27,Non-Binary,10/27/91,New York
user994,sachikosama,Female,1/4/84,Istanbul
user995,Emotocon,Male,3/9/93,Calgary
user996,schmyke,Male,6/14/92,Leicestershire
user997,werelly,Female,7/20/94,Russia
user998,MikoSeven,Female,10/23/89,New York
user999,Astharoshe,Female,12/27/84,Canada
user1000,Kiroshima,Male,8/7/91,Oakley
user1001,delaneysloane,Female,5/21/97,California
user1002,Tempest_Angel,Male,10/16/81,Manchester
user1003,MotoLala,Male,8/10/96,pakistan
user1004,AmandaPanda,Female,7/28/94,Azusa
user1005,herogian,Male,4/24/91,Reggio Emilia
user1006,cannibalbuffet,Female,11/22/90,Tallahassee
user1007,Keix,Female,3/10/97,Serbia
user1008,Kakuman1995,Male,5/1/00,India
user1009,HalloweeNx31,Male,10/31/97,Constanta
user1010,Kilaa,Male,3/19/90,Aachen
user1011,SugaSwish,Male,7/29/93,Middlesbrough
user1012,My_Love_Emilia,Male,1/4/95,Austria (Vorarlberg)
user1013,flyingpardin,Female,6/10/94,Glasgow
user1014,pais523101,Female,1/3/94,edmonton
user1015,Taiga-Hrk,Male,1/21/91,Toulon
user1016,RaGNORAK,Male,7/19/89,Chennai
user1017,Pajmas,Male,10/1/97,Poland Kedzierzyn-Ko_le
user1018,Mythicaltrebi,Male,11/24/93,Norway
user1019,Twice,Male,11/12/85,Sweden
user1020,Mazereon,Male,7/31/98,Philippines
user1021,Diana_Sofia,Female,6/10/98,Zaporizhia
user1022,ErenJaeger95,Male,2/28/95,Deutschland
user1023,KyousukeLove,Male,7/18/94,Academy City
user1024,danielLOVESjenn,Female,8/31/91,Jacksonville
user1025,AgustDK,Female,5/17/94,India
user1026,Estenall,Female,7/22/97,Bydgoszcz
user1027,Nathalie_,Female,5/28/88,Sofia
user1028,Aleksandar1337,Male,5/4/03,Serbia/Pozarevac 077
user1029,facundoj,Male,7/6/02,Buenos Aires
user1030,VenatorUpgraded,Male,11/16/90,Imotski
user1031,_Edwards-kun_,Male,8/31/93,Santiago
user1032,Ilardii,Male,9/11/96,Manila
user1033,FioutueGeek,Female,1/4/89,Rennes
user1034,wu_wei,Male,1/30/93,Hungary
user1035,Nezerchin,Male,11/12/86,Lexington Park
user1036,NhatJoestar,Male,6/24/00,Germany
user1037,I2oja,Male,12/27/91,Udine
user1038,-ASF,Female,8/27/90,Christchurch
user1039,GooD_LucK,Male,11/20/96,Murcia
user1040,Ffwah,Female,5/7/93,Philadelphia-ish
user1041,mruuczek,Female,4/8/89,Opole
user1042,Snfreweh,Male,5/1/93,Washington
user1043,Michales,Male,1/12/96,Sopot
user1044,LadyKatara,Male,9/24/91,Lawrenceville
user1045,Rei_NERV,Male,7/21/92,Kastoria
user1046,Guiden,Male,1/1/92,New York
user1047,Kokoro_Inuzuka,Female,3/11/94,Texas
user1048,FourBar,Male,1/8/00,BeanerLand
user1049,Pakt,Male,12/25/92,Pozna_
user1050,andypnuts,Male,10/30/88,Vit—ria da conquista
user1051,faresbrk,Male,3/24/00,Tunis Tunisia
user1052,coraz0n,Female,2/7/94,India
user1053,KamiyaYoriko,Female,1/24/90,Hungary
user1054,madziak,Female,4/28/92,Warsaw
user1055,Mitzia,Female,12/13/99,Bethlehem
user1056,camilamlutz,Female,6/6/97,Macei—
user1057,dacer22,Male,11/15/97,Hannover
user1058,sythinfinous,Male,10/26/93,Toronto
user1059,Shiririin,Female,2/23/99,Hope's peak Academy
user1060,Wurffl,Male,11/28/95,Baden-W_rtemberg
user1061,Dith,Male,9/5/90,New York
user1062,Preath,Male,4/8/92,Sweden
user1063,UnNatural,Male,12/28/91,United States
user1064,Anarki87,Male,6/21/87,Erie
user1065,KagomesLuvr2789,Male,3/2/91,Chicago
user1066,the-dork_knight,Female,4/1/92,Arkham Asylum
user1067,Nomiko,Female,10/3/96,North America
user1068,kakashi-fangirl,Female,7/21/97,Serbia
user1069,TheGamingTriad,Male,6/11/98,Chennai
user1070,Airedae,Male,4/10/93,Surabaya
user1071,luishiny,Male,6/14/96,Rio grande do sul-brasil
user1072,forsecond,Male,7/7/94,Bulgaria
user1073,Holland_Novak909,Male,2/5/92,Sellersburg
user1074,Clarkey,Male,7/28/91,Manchester
user1075,Teczero,Male,8/24/88,Newark
user1076,iCab,Male,5/30/91,Salem
user1077,Kuro4735,Male,3/26/91,Atlanta
user1078,quellian,Non-Binary,3/15/88,Dungeons
user1079,SukieNeko,Female,11/19/89,San Jose
user1080,JazzyZee,Female,8/7/89,England
user1081,pippitypip,Female,11/3/01,Virginia
user1082,KurosakiFlame,Male,12/23/94,Santo Andr_
user1083,MsTakamasa,Female,1/11/95,Moscow
user1084,Censoredcry,Male,3/16/00,Portugal
user1085,migadbr,Male,3/16/94,Bilbao
user1086,Koetje,Male,12/17/92,Tilburg
user1087,T4B3RL0,Male,1/11/82,LYON
user1088,Mictyan,Male,3/3/94,Aracaju
user1089,AdonisGeorgiadis,Male,1/1/89,Greece
user1090,Yuki_Kuran,Female,7/22/90,California
user1091,NoRa21,Female,9/21/95,Madrid
user1092,krzyk19ochan88,Male,10/24/88,Olsztyn
user1093,HJWeasel,Male,12/26/87,Cybertron
user1094,labantnet,Male,9/3/82,Minneapolis
user1095,Sinope_K,Female,5/24/97,France
user1096,Tweedle_Dum,Male,9/11/94,Wonderland
user1097,eddyak,Male,6/19/91,London
user1098,mellow-osity,Female,2/27/86,Philadelphia